{"params": {"BindingCount": 2, "PropagationLevels": 3, "PruneInterval": 600, "PruningThreshold": 0.2, "BindingThreshold": 0.5, "DownPotentialFactor": 0.2, "ComposeByPotentialFirst": true, "ComposeByCompositeFirst": false, "FiringThreshold": 0.25, "ZeroingThreshold": 0.05, "DecayFactor": 0.6, "InitialPotential": 0.2, "ReinforcementRate": 0.3, "RefractoryPeriod": 7, "PostSpikeFactor": 1.0, "DefaultEncoderCeiling": 1024, "DefaultEncoderFloor": 0, "DefaultEncoderResolution": 10, "TraceLength": 60, "InferDivergence": 4, "InferRefractoryWindow": 4, "InferLength": 20, "InferRefractoryCoefficient": 0, "InferRefractoryInputThreshold": 0}, "meta": {"S0": {"min": 0.0, "max": 1.0, "res": 10.0}, "S1": {"min": 0.0, "max": 1.0, "res": 10.0}, "S2": {"min": 0.0, "max": 1.0, "res": 10.0}, "S3": {"min": 0.0, "max": 1.0, "res": 10.0}, "S4": {"min": 0.0, "max": 1.0, "res": 10.0}, "S5": {"min": 0.0, "max": 1.0, "res": 10.0}, "S6": {"min": 0.0, "max": 1.0, "res": 10.0}, "S7": {"min": 0.0, "max": 1.0, "res": 10.0}, "S8": {"min": 0.0, "max": 1.0, "res": 10.0}, "S9": {"min": 0.0, "max": 1.0, "res": 10.0}, "F0": {"min": 0.0, "max": 1024.0, "res": 10.0}, "F1": {"min": 0.0, "max": 1024.0, "res": 10.0}, "F2": {"min": 0.0, "max": 1024.0, "res": 10.0}, "F3": {"min": 0.0, "max": 1024.0, "res": 10.0}, "F4": {"min": 0.0, "max": 1024.0, "res": 10.0}, "F5": {"min": 0.0, "max": 1024.0, "res": 10.0}, "F6": {"min": 0.0, "max": 1024.0, "res": 10.0}, "F7": {"min": 0.0, "max": 1024.0, "res": 10.0}, "F8": {"min": 0.0, "max": 1024.0, "res": 10.0}, "F9": {"min": 0.0, "max": 1024.0, "res": 10.0}}, "datainputs": {"16": ["F9~1-2"], "17": ["F9~1-2"]}, "predictions": {"18": [["F9~1-2*", 0.89312930094091], ["F9~1-2**", 0.03355520341810752], ["F8~2-3*", 0.018170666381945512], ["F9~1-2", 0.0]], "19": [["F8~2-3", 0.04546169785469907], ["F9~1-2***", 0.0381529324239878], ["F7~2-3", 0.023598240782254486], ["F8~2-3*", 0.0]], "20": [["F6~1-2*", 0.28508479043278806], ["F9~1-2********", 0.26020319104137607], ["F7~2-3*", 0.06086127309289792], ["F9~1-2****", 0.047738154983120014]], "21": [["F6~1-2", 0.12158925175762869], ["F5~2-3", 0.09456279748407709], ["F9~1-2*******", 0.06834915727025519], ["F9~1-2*****", 0.04455219397999977]], "22": [["F5~2-3*", 0.15399163732159563], ["F4~2-3*", 0.11460182368349274], ["F9~1-2******", 0.08980408330548525], ["F4~2-3", 0.044968087805071034]], "23": [["F3~1-2", 0.24661864974750272], ["F4~2-3", 0.0], ["F5~2-3*", 0.0], ["F9~1-2******", 0.0]], "24": [["F2~1-2", 0.05177548019275801], ["F3~1-2", 0.0], ["F4~2-3", 0.0], ["F5~2-3*", 0.0]], "25": [["F1~1-2", 0.059120721506063456], ["F2~1-2", 0.0], ["F3~1-2", 0.0]], "26": [["F0~0-1", 0.09145641045079295], ["F1~1-2", 0.0], ["F2~1-2", 0.0]], "27": [["S9~10-11", 0.09692058503840675], ["F0~0-1", 0.0], ["F1~1-2", 0.0]], "28": [["S8~10-11", 0.06951581405119069], ["S9~10-11", 0.0], ["F0~0-1", 0.0]], "29": [["S7~10-11", 0.06426609603619113], ["S8~10-11", 0.0], ["S9~10-11", 0.0]], "30": [["S6~10-11", 0.06202984722708056], ["S7~10-11", 0.0], ["S8~10-11", 0.0]], "31": [["S5~10-11", 0.05176239269438106], ["S6~10-11", 0.0], ["S7~10-11", 0.0]], "32": [["S4~10-11*", 0.24663942548242407], ["S4~10-11", 0.04868240259945894], ["S5~10-11", 0.0], ["S6~10-11", 0.0]], "33": [["S3~10-11", 0.29286685876120855], ["S4~10-11", 0.0], ["S4~10-11*", 0.0], ["S5~10-11", 0.0]], "34": [["S3~10-11*", 0.055788403271022094], ["S2~10-11", 0.05176873678924777], ["S2~10-11*", 0.04363134475214006], ["S3~10-11", 0.0]], "35": [["S1~10-11", 0.06815001868030243], ["S3~10-11*", 0.0], ["S2~10-11", 0.0], ["S2~10-11*", 0.0]]}, "accinputs": {"16": ["F9~1-2"], "17": ["F9~1-2"], "18": ["F9~1-2*", "F9~1-2**", "F8~2-3*"], "19": ["F8~2-3", "F9~1-2***", "F7~2-3"], "20": ["F6~1-2*", "F9~1-2********", "F7~2-3*", "F9~1-2****"], "21": ["F6~1-2", "F5~2-3", "F9~1-2*******", "F9~1-2*****"], "22": ["F5~2-3*", "F4~2-3*", "F9~1-2******", "F4~2-3"], "23": ["F3~1-2"], "24": ["F2~1-2"], "25": ["F1~1-2"], "26": ["F0~0-1"], "27": ["S9~10-11"], "28": ["S8~10-11"], "29": ["S7~10-11"], "30": ["S6~10-11"], "31": ["S5~10-11"], "32": ["S4~10-11*", "S4~10-11"], "33": ["S3~10-11"], "34": ["S3~10-11*", "S2~10-11", "S2~10-11*"], "35": ["S1~10-11"]}, "pscores_prod": {"16": {"F9~1-2": 45.21903855470175, "F8~2-3": 21.203545774312808, "F7~2-3": 7.373800314550958, "F6~1-2": 1.857029013970123, "F5~2-3": 0.3294343475528445}, "15": {"F8~2-3": 18.42521826762517, "F7~2-3": 3.4793010577822376, "F9~1-2": 19.032711851320965, "F6~1-2": 0.7228425569027309, "F5~2-3": 0.6390879245574476}, "17": {"F9~1-2": 68.36706326279568, "F8~2-3": 40.08114774696277, "F7~2-3": 33.14201750762408, "F6~1-2": 24.003204207702144, "F5~2-3": 10.070668490716752, "F4~2-3": 3.093426237962327}, "18": {"F9~1-2": 73.99712046317568, "F8~2-3": 36.20105906362635, "F7~2-3": 49.602470598727265, "F6~1-2": 33.9317096417419, "F5~2-3": 12.032308422270257, "F4~2-3": 3.5104343150714334, "F3~1-2": 0.4123824013369902, "F2~1-2": 0.5577855052935549}, "19": {"F8~2-3": 35.44750953057705, "F9~1-2": 65.63014328339216, "F7~2-3": 37.92909826390277, "F6~1-2": 36.80379198257032, "F5~2-3": 22.828210859823237, "F4~2-3": 14.967121909943636, "F3~1-2": 7.391058450634645, "F2~1-2": 1.788475905644168}, "20": {"F7~2-3": 16.494593840753332, "F8~2-3": 10.26408571521296, "F9~1-2": 37.54265419119041, "F6~1-2": 23.870490907631606, "F5~2-3": 22.162483597466082, "F4~2-3": 19.138433315590696, "F3~1-2": 11.277363509938988, "F2~1-2": 4.829205684039361, "F1~1-2": 1.8732541649250927, "F0~0-1": 0.21604503870513725}, "21": {"F9~1-2": 6.758645076365076, "F6~1-2": 10.110239575747443, "F7~2-3": 4.556135206193273, "F5~2-3": 9.372826281779686, "F4~2-3": 19.42663340815023, "F8~2-3": 2.2129841097503045, "F3~1-2": 10.295394924833895, "F2~1-2": 7.320092708744014, "F1~1-2": 4.581963675279267, "F0~0-1": 0.887751424014082}, "22": {"F5~2-3": 2.357673936462111, "F6~1-2": 1.6248914061799842, "F9~1-2": 1.5650962719570638, "F4~2-3": 7.66075316043749, "F3~1-2": 10.539579725876784, "F7~2-3": 0.42421992609006864, "F2~1-2": 7.584510859232223, "F1~1-2": 6.300067733750252, "F0~0-1": 2.3962145156381296, "S8~10-11": 0.14044447895808493, "S9~10-11": 0.14044447895808493}, "23": {"F4~2-3": 2.817862701242449, "F5~2-3": 0.7094, "F9~1-2": 0.4799, "F3~1-2": 7.034066311910163, "F2~1-2": 7.1705279168310465, "F1~1-2": 5.852134327383386, "F0~0-1": 2.7552201927946913, "S9~10-11": 0.5997035892903484, "S8~10-11": 0.2895886049172697}, "24": {"F3~1-2": 2.118060833306145, "F2~1-2": 3.4238518739251287, "F1~1-2": 5.231422725370342, "F0~0-1": 3.586252918779192, "S9~10-11": 2.4478802436515807, "S7~10-11": 1.204277885326204, "S8~10-11": 1.9879340418279916, "S6~10-11": 0.24564414486148942}, "25": {"F2~1-2": 1.1295502285625993, "F1~1-2": 1.6277235742078933, "F0~0-1": 4.803178958210562, "S9~10-11": 4.123900204435379, "S8~10-11": 2.7506566078267065, "F3~1-2": 0.2457552157238807, "S7~10-11": 2.0123619654131115, "S6~10-11": 0.7273237690351602}, "26": {"F1~1-2": 1.1010504673527957, "F0~0-1": 4.762873867232479, "S9~10-11": 6.849981246402011, "S8~10-11": 6.178398771229238, "S7~10-11": 3.0920781298193925, "S6~10-11": 2.0124323124013204, "S5~10-11": 0.39251549948247866, "F2~1-2": 0.12487338220304055}, "27": {"F0~0-1": 2.878078290080586, "S9~10-11": 5.778156877481661, "S8~10-11": 8.739300287591176, "S7~10-11": 6.506409839048383, "S6~10-11": 3.632991301976735, "S5~10-11": 1.7011736817990732, "S4~10-11": 0.4030020992913771, "F1~1-2": 0.00019926749269684644}, "28": {"S9~10-11": 1.9504462264796654, "S8~10-11": 6.78999123654351, "S7~10-11": 11.645295587695939, "S6~10-11": 7.141495342012865, "S5~10-11": 3.6279537957340864, "F0~0-1": 0.01683026037128097, "S4~10-11": 2.2975005268894706, "S3~10-11": 0.6854232238876842, "S2~10-11": 0.00020165437247175833}, "29": {"S8~10-11": 3.593896900182457, "S7~10-11": 9.037520329965865, "S6~10-11": 16.52665711221178, "S5~10-11": 14.192923186496996, "S4~10-11": 9.184122352050627, "S9~10-11": 0.392396986176578, "F0~0-1": 0.008489568552238543, "S3~10-11": 3.0324380775569115, "S2~10-11": 3.9038786321481185, "S1~10-11": 0.94085447336357,