{"params": {"BindingCount": 2, "PropagationLevels": 3, "PruneInterval": 600, "PruningThreshold": 0.2, "BindingThreshold": 0.5, "DownPotentialFactor": 0.2, "ComposeByPotentialFirst": true, "ComposeByCompositeFirst": false, "FiringThreshold": 0.25, "ZeroingThreshold": 0.05, "DecayFactor": 0.6, "InitialPotential": 0.2, "ReinforcementRate": 0.3, "RefractoryPeriod": 7, "PostSpikeFactor": 1.0, "DefaultEncoderCeiling": 1024, "DefaultEncoderFloor": 0, "DefaultEncoderResolution": 10, "TraceLength": 60, "InferDivergence": 4, "InferRefractoryWindow": 4, "InferLength": 20, "InferRefractoryCoefficient": 0, "InferRefractoryInputThreshold": 0}, "meta": {"S0": {"min": 0.0, "max": 1.0, "res": 10.0}, "S1": {"min": 0.0, "max": 1.0, "res": 10.0}, "S2": {"min": 0.0, "max": 1.0, "res": 10.0}, "S3": {"min": 0.0, "max": 1.0, "res": 10.0}, "S4": {"min": 0.0, "max": 1.0, "res": 10.0}, "S5": {"min": 0.0, "max": 1.0, "res": 10.0}, "S6": {"min": 0.0, "max": 1.0, "res": 10.0}, "S7": {"min": 0.0, "max": 1.0, "res": 10.0}, "S8": {"min": 0.0, "max": 1.0, "res": 10.0}, "S9": {"min": 0.0, "max": 1.0, "res": 10.0}, "F0": {"min": 0.0, "max": 1024.0, "res": 10.0}, "F1": {"min": 0.0, "max": 1024.0, "res": 10.0}, "F2": {"min": 0.0, "max": 1024.0, "res": 10.0}, "F3": {"min": 0.0, "max": 1024.0, "res": 10.0}, "F4": {"min": 0.0, "max": 1024.0, "res": 10.0}, "F5": {"min": 0.0, "max": 1024.0, "res": 10.0}, "F6": {"min": 0.0, "max": 1024.0, "res": 10.0}, "F7": {"min": 0.0, "max": 1024.0, "res": 10.0}, "F8": {"min": 0.0, "max": 1024.0, "res": 10.0}, "F9": {"min": 0.0, "max": 1024.0, "res": 10.0}}, "datainputs": {"20": ["F8~2-3"], "21": ["F8~2-3"]}, "predictions": {"21": [["F9~1-2", 0.031110950435971927], ["F8~2-3", 0.0]]}, "accinputs": {"20": ["F8~2-3"], "21": ["F9~1-2"]}, "pscores_prod": {"20": {"F8~2-3": 6.551665004039712, "F7~2-3": 0.8794813778375199, "F9~1-2": 1.944589592305889, "F6~1-2": 0.032291036399301885}, "19": {"F7~2-3": 1.359278866285925, "F8~2-3": 0.3915922460512577, "F9~1-2": 0.12850018540418123, "F6~1-2": 0.510101620965836, "F5~2-3": 0.4720431759537661}, "21": {"F9~1-2": 0.031110950435971927, "F8~2-3": 0.4351537369914662}}}