{"params": {"BindingCount": 2, "PropagationLevels": 3, "PruneInterval": 600, "PruningThreshold": 0.2, "BindingThreshold": 0.5, "DownPotentialFactor": 0.2, "ComposeByPotentialFirst": true, "ComposeByCompositeFirst": false, "FiringThreshold": 0.25, "ZeroingThreshold": 0.05, "DecayFactor": 0.6, "InitialPotential": 0.2, "ReinforcementRate": 0.3, "RefractoryPeriod": 7, "PostSpikeFactor": 1.0, "DefaultEncoderCeiling": 1024, "DefaultEncoderFloor": 0, "DefaultEncoderResolution": 10, "TraceLength": 60, "InferDivergence": 4, "InferRefractoryWindow": 4, "InferLength": 20, "InferRefractoryCoefficient": 0, "InferRefractoryInputThreshold": 0}, "meta": {"S0": {"min": 0.0, "max": 1.0, "res": 10.0}, "S1": {"min": 0.0, "max": 1.0, "res": 10.0}, "S2": {"min": 0.0, "max": 1.0, "res": 10.0}, "S3": {"min": 0.0, "max": 1.0, "res": 10.0}, "S4": {"min": 0.0, "max": 1.0, "res": 10.0}, "S5": {"min": 0.0, "max": 1.0, "res": 10.0}, "S6": {"min": 0.0, "max": 1.0, "res": 10.0}, "S7": {"min": 0.0, "max": 1.0, "res": 10.0}, "S8": {"min": 0.0, "max": 1.0, "res": 10.0}, "S9": {"min": 0.0, "max": 1.0, "res": 10.0}, "F0": {"min": 0.0, "max": 1024.0, "res": 10.0}, "F1": {"min": 0.0, "max": 1024.0, "res": 10.0}, "F2": {"min": 0.0, "max": 1024.0, "res": 10.0}, "F3": {"min": 0.0, "max": 1024.0, "res": 10.0}, "F4": {"min": 0.0, "max": 1024.0, "res": 10.0}, "F5": {"min": 0.0, "max": 1024.0, "res": 10.0}, "F6": {"min": 0.0, "max": 1024.0, "res": 10.0}, "F7": {"min": 0.0, "max": 1024.0, "res": 10.0}, "F8": {"min": 0.0, "max": 1024.0, "res": 10.0}, "F9": {"min": 0.0, "max": 1024.0, "res": 10.0}}, "datainputs": {"20": ["F8~2-3"], "21": ["F8~2-3"]}, "predictions": {"22": [["F8~2-3*", 1.0452991435988914], ["F9~1-2********", 0.2572831721868102], ["F7~2-3*", 0.06086127309289792], ["F9~1-2*******", 0.04918760290265575]], "23": [["F6~1-2", 0.062439436022813655], ["F9~1-2******", 0.048731543789582034], ["F9~1-2", 0.021342373021343525], ["F7~2-3", 0.021285768907605307]], "24": [["F6~1-2*", 0.7746611567312607], ["F5~2-3*", 0.07900381271900371], ["F5~2-3", 0.05906587856934191], ["F9~1-2*****", 0.047978045209165834]], "25": [["F4~2-3*", 0.11157304563957082], ["F9~1-2****", 0.047978045209165834], ["F4~2-3", 0.042627398649879134], ["F5~2-3", 0.0]], "26": [["F3~1-2", 0.27226501430533906], ["F9~1-2***", 0.047738154983120014], ["F4~2-3", 0.0], ["F9~1-2****", 0.0]], "27": [["F2~1-2", 0.05177548019275801], ["F9~1-2**", 0.03542863905456893], ["F3~1-2", 0.0], ["F9~1-2***", 0.0]], "28": [["F1~1-2", 0.059120721506063456], ["F9~1-2*", 0.032898872655716394], ["F2~1-2", 0.0], ["F9~1-2**", 0.0]], "29": [["F0~0-1", 0.09145641045079295], ["F9~1-2", 0.042431490141351266], ["F1~1-2", 0.0], ["F9~1-2*", 0.0]], "30": [["S9~10-11", 0.09692058503840675], ["F8~2-3*", 0.018627926983536488], ["F0~0-1", 0.0], ["F9~1-2", 0.0]], "31": [["S8~10-11", 0.06568301943401002], ["F8~2-3", 0.044560988615993904], ["F7~2-3", 0.021073443362751944], ["F8~2-3*", 0.0]], "32": [["F6~1-2*", 0.274014638965458], ["F9~1-2********", 0.24953928540455406], ["S7~10-11", 0.06426609603619113], ["F7~2-3*", 0.0546227835964366]], "33": [["F5~2-3*", 0.4975], ["F6~1-2", 0.10571918106644221], ["F5~2-3", 0.09160330687138155], ["F9~1-2*******", 0.06441123868084474]], "34": [["F4~2-3*", 0.10850453012088915], ["F9~1-2******", 0.04824544664028095], ["F4~2-3", 0.04187483791860429], ["F5~2-3", 0.0]], "35": [["F3~1-2", 0.23282100772010728], ["F9~1-2*****", 0.04749946420820441], ["F4~2-3", 0.0], ["F9~1-2******", 0.0]], "36": [["F2~1-2", 0.05019155994734875], ["F9~1-2****", 0.04410778584504928], ["F3~1-2", 0.0], ["F9~1-2*****", 0.0]], "37": [["F1~1-2", 0.057946822796405596], ["F9~1-2***", 0.04075349734066278], ["F2~1-2", 0.0], ["F9~1-2****", 0.0]], "38": [["F0~0-1", 0.09076603516312066], ["F9~1-2**", 0.030848395758946025], ["F1~1-2", 0.0], ["F9~1-2***", 0.0]], "39": [["S9~10-11", 0.09638048713387665], ["F9~1-2*", 0.030848395758946014], ["F0~0-1", 0.0], ["F9~1-2**", 0.0]]}, "accinputs": {"20": ["F8~2-3"], "21": ["F8~2-3"], "22": ["F8~2-3*", "F9~1-2********", "F7~2-3*", "F9~1-2*******"], "23": ["F6~1-2", "F9~1-2******", "F9~1-2", "F7~2-3"], "24": ["F6~1-2*", "F5~2-3*", "F5~2-3", "F9~1-2*****"], "25": ["F4~2-3*", "F9~1-2****", "F4~2-3"], "26": ["F3~1-2", "F9~1-2***"], "27": ["F2~1-2", "F9~1-2**"], "28": ["F1~1-2", "F9~1-2*"], "29": ["F0~0-1", "F9~1-2"], "30": ["S9~10-11", "F8~2-3*"], "31": ["S8~10-11", "F8~2-3", "F7~2-3"], "32": ["F6~1-2*", "F9~1-2********", "S7~10-11", "F7~2-3*"], "33": ["F5~2-3*", "F6~1-2", "F5~2-3", "F9~1-2*******"], "34": ["F4~2-3*", "F9~1-2******", "F4~2-3"], "35": ["F3~1-2", "F9~1-2*****"], "36": ["F2~1-2", "F9~1-2****"], "37": ["F1~1-2", "F9~1-2***"], "38": ["F0~0-1", "F9~1-2**"], "39": ["S9~10-11", "F9~1-2*"]}, "pscores_prod": {"20": {"F8~2-3": 52.94918128138313, "F7~2-3": 31.681335019323395, "F9~1-2": 73.09714182045762, "F6~1-2": 18.45936554157406, "F5~2-3": 3.791499324736548, "F4~2-3": 0.9654532592145769}, "19": {"F7~2-3": 28.140490064855854, "F6~1-2": 16.18480095871976, "F8~2-3": 56.69828270736137, "F9~1-2": 80.66243345842028, "F5~2-3": 2.770213188468003, "F4~2-3": 1.3477678439377687}, "21": {"F8~2-3": 40.90561196469855, "F9~1-2": 58.311883937995226, "F7~2-3": 48.177217814557395, "F6~1-2": 31.28514298657147, "F5~2-3": 17.961840458012748, "F4~2-3": 6.141699194478106, "F3~1-2": 1.517200946750956, "F2~1-2": 0.3802382973523559}, "22": {"F8~2-3": 19.34118040830913, "F7~2-3": 47.09876532282144, "F9~1-2": 41.91774642410422, "F6~1-2": 44.938199137907716, "F5~2-3": 22.7200597214385, "F4~2-3": 16.500881543371236, "F3~1-2": 7.999025330192925, "F2~1-2": 1.8873785563493304}, "23": {"F8~2-3": 4.054745863942977, "F9~1-2": 29.212120509872644, "F7~2-3": 16.807885540179914, "F6~1-2": 20.190001015000796, "F5~2-3": 20.428561992282425, "F4~2-3": 19.241368303376447, "F3~1-2": 11.769397097469074, "F2~1-2": 4.557246280419611, "F1~1-2": 1.8732541649250927, "F0~0-1": 0.21604503870513725}, "24": {"F6~1-2": 4.977513474504921, "F7~2-3": 1.3159074072569765, "F9~1-2": 22.375969990776696, "F5~2-3": 8.439217983986683, "F4~2-3": 19.036895780995852, "F3~1-2": 9.578489132855399, "F2~1-2": 7.29002248287061, "F1~1-2": 4.5823019700635825, "F8~2-3": 0.42061585841902277, "F0~0-1": 0.887751424014082}, "25": {"F5~2-3": 2.8614404254687145, "F9~1-2": 18.548022375688404, "F6~1-2": 0.8132, "F4~2-3": 7.854555683696912, "F3~1-2": 10.352518386247052, "F2~1-2": 7.374387953793119, "F1~1-2": 6.121492294652034, "F0~0-1": 2.3962145156381296, "F8~2-3": 0.9834880255637994, "S8~10-11": 0.14044447895808493, "S9~10-11": 0.14044447895808493, "F7~2-3": 0.07177586105315527}, "26": {"F4~2-3": 2.720709160704223, "F9~1-2": 15.55575138345851, "F3~1-2": 6.885257263694035, "F2~1-2": 6.996065381653628, "F1~1-2": 5.673220593500853, "F0~0-1": 2.7552201927946913, "F8~2-3": 2.8412593053523723, "S9~10-11": 0.5997035892903484, "S8~10-11": 0.2895886049172697, "F7~2-3": 0.07177586105315527}, "27": {"F3~1-2": 2.118060833306145, "F9~1-2": 14.374761144410195, "F2~1-2": 3.423900943448706, "F1~1-2": 5.231448524230143, "F0~0-1": 3.5862585163140546, "F8~2-3": 7.3478932192976725, "S9~10-11": 2.4479074785383936, "F7~2-3": 1.7577044345777693, "S7~10-11": 1.204277885326204, "S8~10-11": 1.9879612767148045, "S6~10-11": 0.24564414486148942, "F6~1-2": 0.28764645171690006, "F5~2-3": 0.25824316847004236}, "28": {"F2~1-2": 1.1296768463595588, "F9~1-2": 17.369266737199702, "F1~1-2": 1.6269512886716129, "F0~0-1": 4.793722518470161, "F8~2-3": 17.937656172785804, "S9~10-11": 4.1233919634742735, "F7~2-3": 6.31703440154895, "S8~10-11": 2.751752018256829, "F3~1-2": 0.2457552157238807, "S7~10-11": 2.0132499038539318, "S6~10-11": 0.7273237690351602, "F6~1-2": 1.5218228483138219, "F5~2-3": 0.26816037852454094}, "29": {"F1~1-2": 1.1008916527553891, "F9~1-2": 42.82254780728196, "F0~0-1": 4.764293451468741, "F8~2-3": 38.87398526648907, "S9~10-11": 6.837663393824358, "F7~2-3": 34.91734551622025, "S8~10-11": 6.1789018491774845, "S7~10-11": 3.0930936287831803, "F6~1-2": 24.35929572166455, "S6~10-11": 2.0124323124013204, "S5~10-11": 0.39251549948247866,